{
  "fields": [
    {
      "name": "Year",
      "type": "int",
      "min": 1875,
      "max": 1894,
      "scale": 0.05263157894736842,
      "step": 1
    },
    {
      "name": "Horse Kicks",
      "type": "int",
      "min": 3,
      "max": 18,
      "scale": 0.06666666666666667,
      "step": 1
    }
  ],
  "rows": [
    [
      1875,
      3
    ],
    [
      1876,
      5
    ],
    [
      1877,
      7
    ],
    [
      1878,
      9
    ],
    [
      1879,
      10
    ],
    [
      1880,
      18
    ],
    [
      1881,
      6
    ],
    [
      1882,
      14
    ],
    [
      1883,
      11
    ],
    [
      1884,
      9
    ],
    [
      1885,
      5
    ],
    [
      1886,
      11
    ],
    [
      1887,
      15
    ],
    [
      1888,
      6
    ],
    [
      1889,
      11
    ],
    [
      1890,
      17
    ],
    [
      1891,
      12
    ],
    [
      1892,
      15
    ],
    [
      1893,
      8
    ],
    [
      1894,
      4
    ]
  ],
  "normalized": [
    [
      0,
      0
    ],
    [
      0.05263157894736842,
      0.13333333333333333
    ],
    [
      0.10526315789473684,
      0.26666666666666666
    ],
    [
      0.15789473684210525,
      0.4
    ],
    [
      0.21052631578947367,
      0.4666666666666667
    ],
    [
      0.2631578947368421,
      1
    ],
    [
      0.3157894736842105,
      0.2
    ],
    [
      0.3684210526315789,
      0.7333333333333333
    ],
    [
      0.42105263157894735,
      0.5333333333333333
    ],
    [
      0.47368421052631576,
      0.4
    ],
    [
      0.5263157894736842,
      0.13333333333333333
    ],
    [
      0.5789473684210527,
      0.5333333333333333
    ],
    [
      0.631578947368421,
      0.8
    ],
    [
      0.6842105263157894,
      0.2
    ],
    [
      0.7368421052631579,
      0.5333333333333333
    ],
    [
      0.7894736842105263,
      0.9333333333333333
    ],
    [
      0.8421052631578947,
      0.6
    ],
    [
      0.894736842105263,
      0.8
    ],
    [
      0.9473684210526315,
      0.3333333333333333
    ],
    [
      1,
      0.06666666666666667
    ]
  ]
}